{
    "data": {
        "bob_robotics_git_commit": "83b02315",
        "bob_project_git_commit": "2b83306-dirty",
        "experiments": [
            {
                "image_size": [ 90, 25 ],
                "training": {
                    "routes": [
                        [
                            "0511/unwrapped_dataset1",
                            "0511/unwrapped_dataset2"
                        ]
                    ],
                    "time_per_image_ms": 9.0217223650385602e-04
                },
                "testing": {
                    "routes": [
                        [
                            "0511/unwrapped_dataset3"
                        ]
                    ],
                    "time_per_image_ms": 1.4151398256218906e+01,
                    "headings_deg": [
                        [ 0.0, 0.0, 0.0, 0.0, 0.0, 0.0, 0.0, 0.0, 0.0,
                            0.0, 0.0, 0.0, 0.0, 0.0, 0.0, 0.0, 0.0, 0.0,
                            0.0, 0.0, 0.0, 0.0, 0.0, 0.0, 0.0, 0.0, 0.0,
                            0.0, -8.0000000000000107e+00, 4.0, 0.0, 4.0,
                            -1.5999999999999973e+01,
                            -1.2000000000000018e+01,
                            -1.2000000000000018e+01,
                            -1.2000000000000018e+01, 0.0,
                            -8.0000000000000107e+00, 0.0, 0.0, 12.0, 4.0,
                            4.0, 4.0, -1.2000000000000018e+01,
                            -1.2000000000000018e+01,
                            -8.0000000000000107e+00,
                            -4.0000000000000053e+00,
                            -4.0000000000000053e+00, 0.0, 0.0, 8.0, 8.0,
                            12.0, 12.0, 0.0, 12.0, 4.0, 0.0, 0.0,
                            -4.0000000000000053e+00,
                            -8.0000000000000107e+00,
                            -8.0000000000000107e+00,
                            -8.0000000000000107e+00,
                            -8.0000000000000107e+00,
                            -8.0000000000000107e+00,
                            -4.0000000000000053e+00,
                            -4.0000000000000053e+00,
                            -1.2000000000000018e+01,
                            -4.0000000000000053e+00,
                            -4.0000000000000053e+00, 0.0, 0.0, 0.0, 8.0,
                            12.0, 8.0, 4.0, 0.0, 0.0, 4.0, 4.0, 4.0, 4.0,
                            0.0, 0.0, 0.0, 0.0, 0.0, 0.0, 0.0,
                            -4.0000000000000053e+00,
                            -4.0000000000000053e+00,
                            -4.0000000000000053e+00, 0.0, 0.0, 0.0, 0.0,
                            0.0, 8.0, 0.0, 0.0, 0.0, 0.0, 0.0, 0.0, 0.0,
                            0.0, 4.0, 0.0, 0.0, 0.0,
                            -4.0000000000000053e+00, 0.0, 0.0, 0.0, 0.0,
                            0.0, 0.0, 0.0, 0.0, 0.0, 0.0, 0.0, 0.0, 0.0,
                            0.0, 0.0, 8.0, 8.0, 8.0, 8.0, 8.0, 0.0, 0.0,
                            0.0, 0.0, 0.0, 0.0, 0.0,
                            -8.0000000000000107e+00,
                            -4.0000000000000053e+00,
                            -8.0000000000000107e+00, 0.0, 0.0,
                            -8.0000000000000107e+00, 0.0, 0.0, 0.0, 0.0,
                            0.0, 0.0, 0.0, 0.0, 0.0, 4.0, 0.0, 8.0, 0.0,
                            0.0, 4.0, 0.0, 4.0, 4.0, 4.0, 0.0, 0.0, 0.0,
                            -4.0000000000000053e+00, 0.0, 4.0, 4.0, 0.0,
                            0.0, 0.0, 4.0, 4.0, -4.0000000000000053e+00,
                            -4.0000000000000053e+00, 0.0, 0.0, 0.0, 0.0,
                            0.0, 0.0, 0.0, 0.0, 0.0, 0.0, 0.0, 0.0, 0.0,
                            0.0, 0.0, 0.0, -4.0000000000000053e+00, 0.0,
                            0.0, 0.0, 0.0, 0.0, 0.0, 0.0, 0.0, 8.0, 8.0,
                            4.0, 4.0, 4.0, 4.0, 4.0, 4.0, 4.0, 0.0, 0.0,
                            0.0, 0.0, 0.0, 0.0, 4.0, 4.0, 0.0, 0.0, 0.0,
                            -4.0000000000000053e+00,
                            -4.0000000000000053e+00, 8.0, 8.0, 0.0, 4.0,
                            4.0, 4.0, 0.0, 0.0, 0.0, 0.0,
                            -4.0000000000000053e+00,
                            -8.0000000000000107e+00, 0.0, 0.0,
                            -4.0000000000000053e+00,
                            -8.0000000000000107e+00,
                            -8.0000000000000107e+00,
                            -8.0000000000000107e+00, 0.0,
                            -8.0000000000000107e+00,
                            -8.0000000000000107e+00, 0.0, 0.0,
                            -4.0000000000000053e+00,
                            -4.0000000000000053e+00, 0.0, 0.0,
                            -1.2000000000000018e+01,
                            -4.0000000000000053e+00,
                            -1.2000000000000018e+01,
                            -8.0000000000000107e+00, 0.0, 0.0,
                            -8.0000000000000107e+00, 0.0, 0.0,
                            -4.0000000000000053e+00,
                            -4.0000000000000053e+00,
                            -4.0000000000000053e+00, 8.0, 4.0, 4.0,
                            -4.0000000000000053e+00,
                            -4.0000000000000053e+00, 8.0,
                            -4.0000000000000053e+00, 0.0, 4.0, 0.0, 0.0,
                            0.0, 0.0, 8.0, 8.0, 0.0, 12.0, 0.0, 0.0, 0.0,
                            8.0, 12.0, 0.0, 8.0, 0.0, 12.0, 8.0, 4.0,
                            4.0, 0.0, 4.0, 0.0, 0.0, 0.0, 0.0, 0.0, 0.0,
                            0.0, 0.0, 0.0, 0.0, 0.0, 0.0, 0.0, 0.0, 0.0,
                            0.0, 0.0, 0.0, 0.0, 0.0, 0.0, 0.0, 0.0, 0.0,
                            0.0, -4.0000000000000053e+00, 0.0, 0.0, 0.0,
                            0.0, 0.0, 0.0, 0.0, -8.0000000000000107e+00,
                            0.0, -8.0000000000000107e+00, 0.0, 0.0, 0.0,
                            0.0, 0.0, 0.0, 0.0, 0.0,
                            -4.0000000000000053e+00,
                            -4.0000000000000053e+00, 0.0, 0.0, 0.0,
                            -4.0000000000000053e+00, 0.0, 0.0, 0.0, 0.0,
                            0.0, 0.0, 0.0, 0.0, 0.0, 0.0, 0.0, 0.0, 0.0,
                            0.0, 0.0, 0.0, 0.0, 0.0, 0.0, 0.0, 0.0, 0.0,
                            0.0, -8.0000000000000107e+00,
                            -8.0000000000000107e+00,
                            -8.0000000000000107e+00, 0.0, 0.0, 0.0, 0.0,
                            0.0, -8.0000000000000107e+00, 0.0,
                            -4.0000000000000053e+00, 0.0, 0.0, 0.0, 0.0,
                            0.0, 0.0, 0.0, 0.0, 0.0, 0.0, 0.0, 0.0, 0.0,
                            0.0, 0.0, -4.0000000000000053e+00, 0.0, 0.0,
                            0.0, 0.0, -3.1999999999999996e+01,
                            -2.7999999999999986e+01 ]
                    ]
                }
            }
        ]
    }
}
